{"cameraMode":{"drawMode":0,"name":"Shaded","section":"Shading Mode"},"sceneLighting":true,"audioPlay":false,"sceneViewState":{"m_AlwaysRefresh":false,"showFog":true,"showSkybox":true,"showFlares":true,"showImageEffects":true,"showParticleSystems":true,"showVisualEffectGraphs":true,"m_FxEnabled":true},"in2DMode":false,"pivot":{"x":16.92596435546875,"y":4.093930244445801,"z":36.77642822265625},"rotation":{"x":0.23023304343223573,"y":-0.00811178982257843,"z":0.001848474028520286,"w":0.9731689691543579},"size":0.26537713408470156,"orthographic":false}