{"cameraMode":{"drawMode":0,"name":"Shaded","section":"Shading Mode"},"sceneLighting":true,"audioPlay":false,"sceneViewState":{"m_AlwaysRefresh":false,"showFog":true,"showSkybox":true,"showFlares":true,"showImageEffects":true,"showParticleSystems":true,"showVisualEffectGraphs":true,"m_FxEnabled":true},"in2DMode":false,"pivot":{"x":15.887554168701172,"y":-0.022499993443489076,"z":60.92650604248047},"rotation":{"x":0.42640167474746706,"y":-0.33558574318885805,"z":0.17473824322223664,"w":0.8218689560890198},"size":2.886561393737793,"orthographic":false}